observation_date,GDP_Growth_Rate,Unemployment_Rate_Change,Jobs_Added,Industrial_Production_Growth,Regime_Label,label_regime,PC1,PC2,observation_date,CPI_lag1,CPI_lag2,CPI_lag3,CPI_lag4,M2_Money_Stocks_lag1,M2_Money_Stocks_lag2,M2_Money_Stocks_lag3,M2_Money_Stocks_lag4,Jobless_Claims_lag1,Jobless_Claims_lag2,Jobless_Claims_lag3,Jobless_Claims_lag4,Business_Confidence_Index_lag1,Business_Confidence_Index_lag2,Business_Confidence_Index_lag3,Business_Confidence_Index_lag4,Consumer_Confidence_Index_lag1,Consumer_Confidence_Index_lag2,Consumer_Confidence_Index_lag3,Consumer_Confidence_Index_lag4,Credit_Conditions_Subindex_lag1,Credit_Conditions_Subindex_lag2,Credit_Conditions_Subindex_lag3,Credit_Conditions_Subindex_lag4,Housing_Starts_lag1,Housing_Starts_lag2,Housing_Starts_lag3,Housing_Starts_lag4,Labor_Force_Participation_lag1,Labor_Force_Participation_lag2,Labor_Force_Participation_lag3,Labor_Force_Participation_lag4,Interest_Rates_lag1,Interest_Rates_lag2,Interest_Rates_lag3,Interest_Rates_lag4,Deficit_%_GDP_lag1,Deficit_%_GDP_lag2,Deficit_%_GDP_lag3,Deficit_%_GDP_lag4,Capacity_Utilization_Rate_lag1,Capacity_Utilization_Rate_lag2,Capacity_Utilization_Rate_lag3,Capacity_Utilization_Rate_lag4,CPI_roll_mean,CPI_roll_std,CPI_pct_change,M2_Money_Stocks_roll_mean,M2_Money_Stocks_roll_std,M2_Money_Stocks_pct_change,Jobless_Claims_roll_mean,Jobless_Claims_roll_std,Jobless_Claims_pct_change,Business_Confidence_Index_roll_mean,Business_Confidence_Index_roll_std,Business_Confidence_Index_pct_change,Consumer_Confidence_Index_roll_mean,Consumer_Confidence_Index_roll_std,Consumer_Confidence_Index_pct_change,Credit_Conditions_Subindex_roll_mean,Credit_Conditions_Subindex_roll_std,Credit_Conditions_Subindex_pct_change,Housing_Starts_roll_mean,Housing_Starts_roll_std,Housing_Starts_pct_change,Labor_Force_Participation_roll_mean,Labor_Force_Participation_roll_std,Labor_Force_Participation_pct_change,Interest_Rates_roll_mean,Interest_Rates_roll_std,Interest_Rates_pct_change,Deficit_%_GDP_roll_mean,Deficit_%_GDP_roll_std,Deficit_%_GDP_pct_change,Capacity_Utilization_Rate_roll_mean,Capacity_Utilization_Rate_roll_std,Capacity_Utilization_Rate_pct_change,observation_date,Interest_Rates,Deficit_%_GDP,Fisical_Stress_Index,observation_date,CPI,PPI,Inflation_Gap,observation_date,Total_Retail_Sales,Business_Inventories,Inventories_to_Sales_Ratio,observation_date,Jobs_Added,Unemployment_Rate_Change,Jobs_Momentum,observation_date,10Y_minus_2Y_Treasury_Constant_Maturity,Change_in_Treasury_Rate,observation_date,Volatility_Index,Volatility_Index_Growth_Rate,observation_date,M2_Money_Stocks,M2_Money_Stocks_Change
1970-01-01 00:00:00,-0.7701889037457129,0.5047047358261435,-0.09040666146725661,-1.651508892479734,Recession,Recession,1.5000025034160342,-0.5935817307067475,,,,,,,,,,,,,,,,,,,,,,,,,,,,,,,,,,,,,,,,,,,,,,,,,,,,,,,,,,,,,,,,,,,,,,,,,,,,,,,,,,,,,,,,,,,,,,,,,,,,,,,
1970-04-01 00:00:00,-0.5018476379230609,0.23054413858724984,-0.11739372459181083,-0.2901997587447586,mild,mild,0.5538381554015729,-0.3002326617270561,,,,,,,,,,,,,,,,,,,,,,,,,,,,,,,,,,,,,,,,,,,,,,,,,,,,,,,,,,,,,,,,,,,,,,,,,,,,,,,,,,,,,,,,,,,,,,,,,,,,,,,
1970-07-01 00:00:00,0.21815075496112332,0.09346383996780391,-0.027200118886063846,0.13881314370850845,Stable,Stable,-0.10597782736651394,0.24114924318054884,,,,,,,,,,,,,,,,,,,,,,,,,,,,,,,,,,,,,,,,,,,,,,,,,,,,,,,,,,,,,,,,,,,,,,,,,,,,,,,,,,,,,,,,,,,,,,,,,,,,,,,
1970-10-01 00:00:00,-1.622167160358058,0.09346383996780391,-0.3446532035354252,-1.7784162306591578,Recession,Recession,1.8631024452294735,-1.3454745357226274,,,,,,,,,,,,,,,,,,,,,,,,,,,,,,,,,,,,,,,,,,,,,,,,,,,,,,,,,,,,,,,,,,,,,,,,,,,,,,,,,,,,,,,,,,,,,,,,,,,,,,,
1971-01-01 00:00:00,1.875309777915812,-0.31777705589053384,0.007598988827177109,0.5860042810367119,Stable,Stable,-1.3086932489981769,1.4559298860325227,,,,,,,,,,,,,,,,,,,,,,,,,,,,,,,,,,,,,,,,,,,,,,,,,,,,,,,,,,,,,,,,,,,,,,,,,,,,,,,,,,,,,,,,,,,,,,,,,,,,,,,
1971-04-01 00:00:00,-0.13333145329029017,-0.18069675727108794,0.080748133612153,0.40855490478543016,Stable,Stable,-0.28537231246904693,-0.16055153666629962,,,,,,,,,,,,,,,,,,,,,,,,,,,,,,,,,,,,,,,,,,,,,,,,,,,,,,,,,,,,,,,,,,,,,,,,,,,,,,,,,,,,,,,,,,,,,,,,,,,,,,,
1971-07-01 00:00:00,0.12671793944950477,0.09346383996780391,-0.0009232416332084315,-0.3186167110398514,Stable,Stable,0.15564739126996865,0.09831350562159963,,,,,,,,,,,,,,,,,,,,,,,,,,,,,,,,,,,,,,,,,,,,,,,,,,,,,,,,,,,,,,,,,,,,,,,,,,,,,,,,,,,,,,,,,,,,,,,,,,,,,,,
1971-10-01 00:00:00,-0.4158390175998352,-0.31777705589053507,-0.024359375399268666,0.5681174535238976,mild,mild,-0.25788529903133567,-0.3756379954971994,,,,,,,,,,,,,,,,,,,,,,,,,,,,,,,,,,,,,,,,,,,,,,,,,,,,,,,,,,,,,,,,,,,,,,,,,,,,,,,,,,,,,,,,,,,,,,,,,,,,,,,
1972-01-01 00:00:00,1.0637273355695325,-0.31777705589053507,0.191537129597165,1.9736822369164202,Boom,Boom,-1.7511200205407487,0.8996910218636239,,,,,,,,,,,,,,,,,,,,,,,,,,,,,,,,,,,,,,,,,,,,,,,,,,,,,,,,,,,,,,,,,,,,,,,,,,,,,,,,,,,,,,,,,,,,,,,,,,,,,,,
1972-04-01 00:00:00,1.4626901622367583,-0.18069675727108794,0.11057594022350238,0.7761280930059359,Stable,Stable,-1.2031387270776244,1.1570664296139477,,,,,,,,,,,,,,,,,,,,,,,,,,,,,,,,,,,,,,,,,,,,,,,,,,,,,,,,,,,,,,,,,,,,,,,,,,,,,,,,,,,,,,,,,,,,,,,,,,,,,,,
1972-07-01 00:00:00,0.23903950484968478,-0.18069675727108916,-0.07904368752007589,-0.15123082685347694,mild,mild,-0.08287482867813883,0.13688432541372828,,,,,,,,,,,,,,,,,,,,,,,,,,,,,,,,,,,,,,,,,,,,,,,,,,,,,,,,,,,,,,,,,,,,,,,,,,,,,,,,,,,,,,,,,,,,,,,,,,,,,,,
1972-10-01 00:00:00,0.9134207785329157,0.09346383996780391,0.24693162758967102,1.0264303162138826,Stable,Stable,-1.0130604036893458,0.7948486991890813,,,,,,,,,,,,,,,,,,,,,,,,,,,,,,,,,,,,,,,,,,,,,,,,,,,,,,,,,,,,,,,,,,,,,,,,,,,,,,,,,,,,,,,,,,,,,,,,,,,,,,,
1973-01-01 00:00:00,1.652585522501776,-0.454857354509981,0.20361028941604453,0.5482039062779409,Stable,Stable,-1.362202072663109,1.1342242126819,,,,,,,,,,,,,,,,,,,,,,,,,,,,,,,,,,,,,,,,,,,,,,,,,,,,,,,,,,,,,,,,,,,,,,,,,,,,,,,,,,,,,,,,,,,,,,,,,,,,,,,
1973-04-01 00:00:00,0.3726087807746638,0.09346383996780391,0.07719720425365902,-0.18822563186849978,Stable,Stable,-0.061449930314578245,0.27898992199645206,,,,,,,,,,,,,,,,,,,,,,,,,,,,,,,,,,,,,,,,,,,,,,,,,,,,,,,,,,,,,,,,,,,,,,,,,,,,,,,,,,,,,,,,,,,,,,,,,,,,,,,
1973-07-01 00:00:00,-1.1182508667377724,-0.18069675727108916,-0.025779747142666256,0.24544272336255935,mild,mild,0.2938104520409102,-0.9276345763269735,,,,,,,,,,,,,,,,,,,,,,,,,,,,,,,,,,,,,,,,,,,,,,,,,,,,,,,,,,,,,,,,,,,,,,,,,,,,,,,,,,,,,,,,,,,,,,,,,,,,,,,
1973-10-01 00:00:00,0.2437867535756243,-0.31777705589053507,0.1908269437254662,0.6178781610980596,Stable,Stable,-0.6895136432538042,0.06860300382630627,,,,,,,,,,,,,,,,,,,,,,,,,,,,,,,,,,,,,,,,,,,,,,,,,,,,,,,,,,,,,,,,,,,,,,,,,,,,,,,,,,,,,,,,,,,,,,,,,,,,,,,
1974-01-01 00:00:00,-1.4265342587107526,0.23054413858724984,0.004758245340381929,-0.6380095386747726,Recession,Recession,1.0827031270494294,-1.1407668391333698,,,,,,,,,,,,,,,,,,,,,,,,,,,,,,,,,,,,,,,,,,,,,,,,,,,,,,,,,,,,,,,,,,,,,,,,,,,,,,,,,,,,,,,,,,,,,,,,,,,,,,,
1974-04-01 00:00:00,-0.4132236867556137,-0.04361645865164203,0.016831405159261445,-0.3205935161382103,mild,mild,0.31767778002497554,-0.39725117720863606,,,,,,,,,,,,,,,,,,,,,,,,,,,,,,,,,,,,,,,,,,,,,,,,,,,,,,,,,,,,,,,,,,,,,,,,,,,,,,,,,,,,,,,,,,,,,,,,,,,,,,,
1974-07-01 00:00:00,-1.5055491609741125,0.09346383996780391,-0.021518631912473486,0.1017366252794089,Stable,Stable,0.6813404461833932,-1.1525905944789845,,,,,,,,,,,,,,,,,,,,,,,,,,,,,,,,,,,,,,,,,,,,,,,,,,,,,,,,,,,,,,,,,,,,,,,,,,,,,,,,,,,,,,,,,,,,,,,,,,,,,,,
1974-10-01 00:00:00,-0.9913494872926253,0.09346383996780391,-0.030040862372859026,-0.3406560723549283,Recession,Recession,0.6822275700103281,-0.7913434704443518,,,,,,,,,,,,,,,,,,,,,,,,,,,,,,,,,,,,,,,,,,,,,,,,,,,,,,,,,,,,,,,,,,,,,,,,,,,,,,,,,,,,,,,,,,,,,,,,,,,,,,,
1975-01-01 00:00:00,-1.7570359490790886,1.1901062289233748,-0.29920130774670234,-1.2538597315452518,Recession,Recession,2.2026999198646227,-0.9804953975292163,,,,,,,,,,,,,,,,,,,,,,,,,,,,,,,,,,,,,,,,,,,,,,,,,,,,,,,,,,,,,,,,,,,,,,,,,,,,,,,,,,,,,,,,,,,,,,,,,,,,,,,
1975-04-01 00:00:00,0.02722863230589246,0.23054413858725226,-0.1777595236862084,0.09319367123463233,Stable,Stable,0.15189250066406582,0.1999572206895236,,,,,,,,,,,,,,,,,,,,,,,,,,,,,,,,,,,,,,,,,,,,,,,,,,,,,,,,,,,,,,,,,,,,,,,,,,,,,,,,,,,,,,,,,,,,,,,,,,,,,,,
1975-07-01 00:00:00,0.9481476615487209,-0.3177770558905363,0.132591702246165,0.818686450631917,Stable,Stable,-1.0774792720279749,0.6857417319475957,,,,,,,,,,,,,,,,,,,,,,,,,,,,,,,,,,,,,,,,,,,,,,,,,,,,,,,,,,,,,,,,,,,,,,,,,,,,,,,,,,,,,,,,,,,,,,,,,,,,,,,
1975-10-01 00:00:00,0.611161448533635,-0.04361645865164203,0.1773334121631891,0.2995016508109872,Stable,Stable,-0.5410441475677608,0.4362407360770244,,,,,,,,,,,,,,,,,,,,,,,,,,,,,,,,,,,,,,,,,,,,,,,,,,,,,,,,,,,,,,,,,,,,,,,,,,,,,,,,,,,,,,,,,,,,,,,,,,,,,,,
1976-01-01 00:00:00,1.4443890369995425,-0.45485735450997977,0.30090575383877943,1.0621222500765461,Stable,Stable,-1.5824310521598182,0.9899616298551105,,,,,,,,,,,,,,,,,,,,,,,,,,,,,,,,,,,,,,,,,,,,,,,,,,,,,,,,,,,,,,,,,,,,,,,,,,,,,,,,,,,,,,,,,,,,,,,,,,,,,,,
1976-04-01 00:00:00,0.04447061818323425,0.09346383996780512,0.12904077288767105,0.368926527552279,Stable,Stable,-0.22670833809650576,0.06329886627882719,,,,,,,,,,,,,,,,,,,,,,,,,,,,,,,,,,,,,,,,,,,,,,,,,,,,,,,,,,,,,,,,,,,,,,,,,,,,,,,,,,,,,,,,,,,,,,,,,,,,,,,
1976-07-01 00:00:00,-0.12724560384096423,0.23054413858725106,0.07719720425365902,0.41033665880151554,mild,mild,-0.07292272827206914,0.006065446925781408,,,,,,,,,,,,,,,,,,,,,,,,,,,,,,,,,,,,,,,,,,,,,,,,,,,,,,,,,,,,,,,,,,,,,,,,,,,,,,,,,,,,,,,,,,,,,,,,,,,,,,,
1976-10-01 00:00:00,0.03452547061247021,0.09346383996780512,-0.03075104824455782,-0.09204360812279634,Stable,Stable,0.0962470415649914,0.06571064132008692,,,,,,,,,,,,,,,,,,,,,,,,,,,,,,,,,,,,,,,,,,,,,,,,,,,,,,,,,,,,,,,,,,,,,,,,,,,,,,,,,,,,,,,,,,,,,,,,,,,,,,,
1977-01-01 00:00:00,0.46262805614147845,-0.454857354509981,0.12762040114427345,-0.6595243760663536,mild,mild,-0.17203825058896105,0.05667341398056917,,,,,,,,,,,,,,,,,,,,,,,,,,,,,,,,,,,,,,,,,,,,,,,,,,,,,,,,,,,,,,,,,,,,,,,,,,,,,,,,,,,,,,,,,,,,,,,,,,,,,,,
1977-04-01 00:00:00,1.1604114144415345,-0.31777705589053507,0.19508805895565898,0.7626443967773402,Stable,Stable,-1.1759911622915267,0.8224721446251663,,,,,,,,,,,,,,,,,,,,,,,,,,,,,,,,,,,,,,,,,,,,,,,,,,,,,,,,,,,,,,,,,,,,,,,,,,,,,,,,,,,,,,,,,,,,,,,,,,,,,,,
1977-07-01 00:00:00,1.0322856500495532,-0.454857354509981,0.20147973180094814,0.04521607659915553,Stable,Stable,-0.8259528039454495,0.5724151649309681,,,,,,,,,,,,,,,,,,,,,,,,,,,,,,,,,,,,,,,,,,,,,,,,,,,,,,,,,,,,,,,,,,,,,,,,,,,,,,,,,,,,,,,,,,,,,,,,,,,,,,,
1977-10-01 00:00:00,-0.6308663821511618,-0.04361645865164203,0.14608523380844213,0.060599152519712964,Stable,Stable,0.15316480809469363,-0.5796971786489074,,,,,,,,,,,,,,,,,,,,,,,,,,,,,,,,,,,,,,,,,,,,,,,,,,,,,,,,,,,,,,,,,,,,,,,,,,,,,,,,,,,,,,,,,,,,,,,,,,,,,,,
1978-01-01 00:00:00,-0.3373731719638663,-0.04361645865164203,0.08642962058574336,-1.314667128168663,Recession,Recession,0.7569437581211861,-0.49218353567083484,,,,,,,,,,,,,,,,,,,,,,,,,,,,,,,,,,,,,,,,,,,,,,,,,,,,,,,,,,,,,,,,,,,,,,,,,,,,,,,,,,,,,,,,,,,,,,,,,,,,,,,
1978-04-01 00:00:00,2.9359165573331096,-0.31777705589053507,0.4543059021257192,1.6240727515158495,Boom,Boom,-2.5453140389582978,2.2482492432509553,,,,,,,,,,,,,,,,,,,,,,,,,,,,,,,,,,,,,,,,,,,,,,,,,,,,,,,,,,,,,,,,,,,,,,,,,,,,,,,,,,,,,,,,,,,,,,,,,,,,,,,
1978-07-01 00:00:00,0.29597381488570157,0.36762443720669696,0.136142631604659,-0.1350502784855149,mild,mild,0.05803709775132704,0.3053355791548695,,,,,,,,,,,,,,,,,,,,,,,,,,,,,,,,,,,,,,,,,,,,,,,,,,,,,,,,,,,,,,,,,,,,,,,,,,,,,,,,,,,,,,,,,,,,,,,,,,,,,,,
1978-10-01 00:00:00,0.6084213655229042,-0.31777705589053507,0.19366768721226138,0.5836963550534953,Stable,Stable,-0.8366269331804884,0.3563705035662227,,,,,,,,,,,,,,,,,,,,,,,,,,,,,,,,,,,,,,,,,,,,,,,,,,,,,,,,,,,,,,,,,,,,,,,,,,,,,,,,,,,,,,,,,,,,,,,,,,,,,,,
1979-01-01 00:00:00,-0.46687455389476445,-0.18069675727108794,0.05305088461589999,-0.5338034332290289,Recession,Recession,0.36077633689552746,-0.5363506211421538,,,,,,,,,,,,,,,,,,,,,,,,,,,,,,,,,,,,,,,,,,,,,,,,,,,,,,,,,,,,,,,,,,,,,,,,,,,,,,,,,,,,,,,,,,,,,,,,,,,,,,,
1979-04-01 00:00:00,-0.5341408451670595,-0.04361645865164203,-0.08827610385216021,-1.078451038107197,Recession,Recession,0.8141276489093137,-0.5452847010951207,,,,,,,,,,,,,,,,,,,,,,,,,,,,,,,,,,,,,,,,,,,,,,,,,,,,,,,,,,,,,,,,,,,,,,,,,,,,,,,,,,,,,,,,,,,,,,,,,,,,,,,
1979-07-01 00:00:00,0.05317861662911915,-0.04361645865164203,0.03316568020833373,-0.20858872741932666,Stable,Stable,0.04320076401230592,-0.014905815394411347,,,,,,,,,,,,,,,,,,,,,,,,,,,,,,,,,,,,,,,,,,,,,,,,,,,,,,,,,,,,,,,,,,,,,,,,,,,,,,,,,,,,,,,,,,,,,,,,,,,,,,,
1979-10-01 00:00:00,-0.4018217422356506,0.09346383996780391,0.06512404443477951,0.5195534927591925,Stable,Stable,-0.07118965616515599,-0.2490931899024527,,,,,,,,,,,,,,,,,,,,,,,,,,,,,,,,,,,,,,,,,,,,,,,,,,,,,,,,,,,,,,,,,,,,,,,,,,,,,,,,,,,,,,,,,,,,,,,,,,,,,,,
1980-01-01 00:00:00,-0.3422402527031226,0.36762443720669696,0.04665921177061084,0.3828847271188101,mild,mild,0.12450474724967693,-0.10388563821624561,,,,,,,,,,,,,,,,,,,,,,,,,,,,,,,,,,,,,,,,,,,,,,,,,,,,,,,,,,,,,,,,,,,,,,,,,,,,,,,,,,,,,,,,,,,,,,,,,,,,,,,
1980-04-01 00:00:00,-2.535254391913554,0.7788653330650371,-0.14722153120316023,-1.7628649051853702,Recession,Recession,2.5189437710903633,-1.8964470507204207,,,,,,,,,,,,,,,,,,,,,,,,,,,,,,,,,,,,,,,,,,,,,,,,,,,,,,,,,,,,,,,,,,,,,,,,,,,,,,,,,,,,,,,,,,,,,,,,,,,,,,,
1980-07-01 00:00:00,-0.7424536112835133,0.23054413858725106,-0.22960309232022044,-0.6783480169040744,Recession,Recession,0.918162436698411,-0.49463815412573725,,,,,,,,,,,,,,,,,,,,,,,,,,,,,,,,,,,,,,,,,,,,,,,,,,,,,,,,,,,,,,,,,,,,,,,,,,,,,,,,,,,,,,,,,,,,,,,,,,,,,,,
1980-10-01 00:00:00,1.0893115814348744,-0.04361645865164203,0.1524769066537313,1.0136530729061652,Stable,Stable,-1.107914131721774,0.9220835306783524,,,,,,,,,,,,,,,,,,,,,,,,,,,,,,,,,,,,,,,,,,,,,,,,,,,,,,,,,,,,,,,,,,,,,,,,,,,,,,,,,,,,,,,,,,,,,,,,,,,,,,,
1981-01-01 00:00:00,1.1765692142632351,0.36762443720669696,0.019672148646056625,-0.6107080838750869,mild,mild,-0.03229917955068676,1.0036030412391341,,,,,,,,,,,,,,,,,,,,,,,,,,,,,,,,,,,,,,,,,,,,,,,,,,,,,,,,,,,,,,,,,,,,,,,,,,,,,,,,,,,,,,,,,,,,,,,,,,,,,,,
1981-04-01 00:00:00,-1.3169950422727619,-0.31777705589053507,0.007598988827177109,-0.4299502255103205,Recession,Recession,0.639998129071049,-1.2407963572327971,,,,,,,,,,,,,,,,,,,,,,,,,,,,,,,,,,,,,,,,,,,,,,,,,,,,,,,,,,,,,,,,,,,,,,,,,,,,,,,,,,,,,,,,,,,,,,,,,,,,,,,
1981-07-01 00:00:00,0.47303346830522824,-0.454857354509981,0.03458605195173132,0.48492806185623816,Stable,Stable,-0.7148251845761816,0.25014342835105946,,,,,,,,,,,,,,,,,,,,,,,,,,,,,,,,,,,,,,,,,,,,,,,,,,,,,,,,,,,,,,,,,,,,,,,,,,,,,,,,,,,,,,,,,,,,,,,,,,,,,,,
1981-10-01 00:00:00,-1.6388096101654022,0.3676244372066982,-0.11313260936161805,-0.7301781553245013,Recession,Recession,1.3571163918025504,-1.2191060858650244,,,,,,,,,,,,,,,,,,,,,,,,,,,,,,,,,,,,,,,,,,,,,,,,,,,,,,,,,,,,,,,,,,,,,,,,,,,,,,,,,,,,,,,,,,,,,,,,,,,,,,,
1982-01-01 00:00:00,-2.067298473802492,0.09346383996780391,-0.2786059174674373,-1.82043480493611,Recession,Recession,2.0497249097221686,-1.7373242069104153,,,,,,,,,,,,,,,,,,,,,,,,,,,,,,,,,,,,,,,,,,,,,,,,,,,,,,,,,,,,,,,,,,,,,,,,,,,,,,,,,,,,,,,,,,,,,,,,,,,,,,,
1982-04-01 00:00:00,-0.21148525586543906,0.3676244372066982,-0.24593736736929273,-0.8586860836125028,Recession,Recession,0.852785226923919,-0.030006890547450385,,,,,,,,,,,,,,,,,,,,,,,,,,,,,,,,,,,,,,,,,,,,,,,,,,,,,,,,,,,,,,,,,,,,,,,,,,,,,,,,,,,,,,,,,,,,,,,,,,,,,,,
1982-07-01 00:00:00,-0.9856809650819297,0.23054413858725226,-0.2885485196712204,-0.35918979664182454,Recession,Recession,0.8939447879331819,-0.6244635239822007,,,,,,,,,,,,,,,,,,,,,,,,,,,,,,,,,,,,,,,,,,,,,,,,,,,,,,,,,,,,,,,,,,,,,,,,,,,,,,,,,,,,,,,,,,,,,,,,,,,,,,,
1982-10-01 00:00:00,-0.5957634631998893,0.3676244372066982,-0.24025588039570236,-0.8856086597312015,Recession,Recession,1.0355860066868767,-0.34499029262196296,,,,,,,,,,,,,,,,,,,,,,,,,,,,,,,,,,,,,,,,,,,,,,,,,,,,,,,,,,,,,,,,,,,,,,,,,,,,,,,,,,,,,,,,,,,,,,,,,,,,,,,
1983-01-01 00:00:00,0.5841043530989892,-0.5919376531294281,0.11128612609520117,1.510955630212471,Stable,Stable,-1.4009747507239587,0.38315317689225636,,,,,,,,,,,,,,,,,,,,,,,,,,,,,,,,,,,,,,,,,,,,,,,,,,,,,,,,,,,,,,,,,,,,,,,,,,,,,,,,,,,,,,,,,,,,,,,,,,,,,,,
1983-04-01 00:00:00,1.4684452996877733,-0.18069675727109039,0.1503463490386349,1.0099402333013008,Stable,Stable,-1.3459728943745233,1.1741948700490243,,,,,,,,,,,,,,,,,,,,,,,,,,,,,,,,,,,,,,,,,,,,,,,,,,,,,,,,,,,,,,,,,,,,,,,,,,,,,,,,,,,,,,,,,,,,,,,,,,,,,,,
1983-07-01 00:00:00,1.2130723248153046,-1.003178548987766,0.2511927428198638,1.2007025729649754,Stable,Stable,-1.809930486106125,0.6295696069014416,,,,,,,,,,,,,,,,,,,,,,,,,,,,,,,,,,,,,,,,,,,,,,,,,,,,,,,,,,,,,,,,,,,,,,,,,,,,,,,,,,,,,,,,,,,,,,,,,,,,,,,
1983-10-01 00:00:00,1.2936162389778356,-0.5919376531294257,0.1496361631669361,0.5916578518094185,Stable,Stable,-1.2674144748376421,0.8208916312146026,,,,,,,,,,,,,,,,,,,,,,,,,,,,,,,,,,,,,,,,,,,,,,,,,,,,,,,,,,,,,,,,,,,,,,,,,,,,,,,,,,,,,,,,,,,,,,,,,,,,,,,
1984-01-01 00:00:00,1.1722922764277683,-0.4548573545099822,0.27036776135573126,1.6239417285825097,Boom,Boom,-1.7326610181351763,0.8554274448713812,,,,,,,,,,,,,,,,,,,,,,,,,,,,,,,,,,,,,,,,,,,,,,,,,,,,,,,,,,,,,,,,,,,,,,,,,,,,,,,,,,,,,,,,,,,,,,,,,,,,,,,
1984-04-01 00:00:00,0.9626602723616905,-0.18069675727108794,0.21355289161982766,0.4405719594334426,Stable,Stable,-0.8606688882009336,0.6679504871177059,,,,,,,,,,,,,,,,,,,,,,,,,,,,,,,,,,,,,,,,,,,,,,,,,,,,,,,,,,,,,,,,,,,,,,,,,,,,,,,,,,,,,,,,,,,,,,,,,,,,,,,
1984-07-01 00:00:00,0.2574334592740119,0.36762443720669696,0.17591304041979153,0.16687985827367027,Stable,Stable,-0.09986325403971272,0.2954634726962942,,,,,,,,,,,,,,,,,,,,,,,,,,,,,,,,,,,,,,,,,,,,,,,,,,,,,,,,,,,,,,,,,,,,,,,,,,,,,,,,,,,,,,,,,,,,,,,,,,,,,,,
1984-10-01 00:00:00,0.12517232488668242,0.09346383996780512,0.15815839362732165,-0.10563997903955819,Stable,Stable,-0.034792759742873616,0.05553795968834929,,,,,,,,,,,,,,,,,,,,,,,,,,,,,,,,,,,,,,,,,,,,,,,,,,,,,,,,,,,,,,,,,,,,,,,,,,,,,,,,,,,,,,,,,,,,,,,,,,,,,,,
1985-01-01 00:00:00,0.26202186171726244,-0.04361645865164203,0.14395467619334573,-0.11553526901084678,Stable,Stable,-0.15504885050368578,0.11716567256036503,,,,,,,,,,,,,,,,,,,,,,,,,,,,,,,,,,,,,,,,,,,,,,,,,,,,,,,,,,,,,,,,,,,,,,,,,,,,,,,,,,,,,,,,,,,,,,,,,,,,,,,
1985-04-01 00:00:00,0.18029821523892023,0.09346383996780391,0.09495185104612888,-0.25875888561109855,Stable,Stable,0.05156311836338806,0.10770418729318612,,,,,,,,,,,,,,,,,,,,,,,,,,,,,,,,,,,,,,,,,,,,,,,,,,,,,,,,,,,,,,,,,,,,,,,,,,,,,,,,,,,,,,,,,,,,,,,,,,,,,,,
1985-07-01 00:00:00,0.7775332620439291,-0.04361645865164203,0.08998054994423733,-0.4990767330987971,Stable,Stable,-0.16144366662982024,0.5065031490264572,,,,,,,,,,,,,,,,,,,,,,,,,,,,,,,,,,,,,,,,,,,,,,,,,,,,,,,,,,,,,,,,,,,,,,,,,,,,,,,,,,,,,,,,,,,,,,,,,,,,,,,
1985-10-01 00:00:00,0.05377369027205524,-0.04361645865164203,0.08927036407253854,-0.36963260189394503,Stable,Stable,0.09647154736858671,-0.05900077544653904,,,,,,,,,,,,,,,,,,,,,,,,,,,,,,,,,,,,,,,,,,,,,,,,,,,,,,,,,,,,,,,,,,,,,,,,,,,,,,,,,,,,,,,,,,,,,,,,,,,,,,,
1986-01-01 00:00:00,0.22948998966436163,-0.454857354509981,0.04310828241211686,0.37642497274470155,Stable,Stable,-0.554680072597135,0.036809510909674326,,,,,,,,,,,,,,,,,,,,,,,,,,,,,,,,,,,,,,,,,,,,,,,,,,,,,,,,,,,,,,,,,,,,,,,,,,,,,,,,,,,,,,,,,,,,,,,,,,,,,,,
1986-04-01 00:00:00,-0.21691539737475166,-0.18069675727108916,0.08856017820083974,0.02597752325504099,mild,mild,-0.05606943762432248,-0.27963464525654574,,,,,,,,,,,,,,,,,,,,,,,,,,,,,,,,,,,,,,,,,,,,,,,,,,,,,,,,,,,,,,,,,,,,,,,,,,,,,,,,,,,,,,,,,,,,,,,,,,,,,,,
1986-07-01 00:00:00,0.2506540523223871,-0.31777705589053507,0.1815945273933819,0.4601488980723899,Stable,Stable,-0.6070445863947844,0.05811619048779032,,,,,,,,,,,,,,,,,,,,,,,,,,,,,,,,,,,,,,,,,,,,,,,,,,,,,,,,,,,,,,,,,,,,,,,,,,,,,,,,,,,,,,,,,,,,,,,,,,,,,,,
1986-10-01 00:00:00,-0.1374162745324178,-0.04361645865164203,0.08856017820083974,0.29278210758097817,Stable,Stable,-0.15686444429594143,-0.12855126557987545,,,,,,,,,,,,,,,,,,,,,,,,,,,,,,,,,,,,,,,,,,,,,,,,,,,,,,,,,,,,,,,,,,,,,,,,,,,,,,,,,,,,,,,,,,,,,,,,,,,,,,,
1987-01-01 00:00:00,0.05229240826290634,-0.04361645865164203,0.07577683251026143,-0.3998897972945325,Stable,Stable,0.11959052497555511,-0.058214558313351476,,,,,,,,,,,,,,,,,,,,,,,,,,,,,,,,,,,,,,,,,,,,,,,,,,,,,,,,,,,,,,,,,,,,,,,,,,,,,,,,,,,,,,,,,,,,,,,,,,,,,,,
1987-04-01 00:00:00,0.36285262568534726,-0.454857354509981,0.19366768721226138,0.48725099511494324,Stable,Stable,-0.7487727688436205,0.09328412661630792,,,,,,,,,,,,,,,,,,,,,,,,,,,,,,,,,,,,,,,,,,,,,,,,,,,,,,,,,,,,,,,,,,,,,,,,,,,,,,,,,,,,,,,,,,,,,,,,,,,,,,,
1987-07-01 00:00:00,0.1680214783358801,-0.18069675727108916,0.20218991767264693,0.5075014446153202,Stable,Stable,-0.5335279270185113,0.04209575097533559,,,,,,,,,,,,,,,,,,,,,,,,,,,,,,,,,,,,,,,,,,,,,,,,,,,,,,,,,,,,,,,,,,,,,,,,,,,,,,,,,,,,,,,,,,,,,,,,,,,,,,,
1987-10-01 00:00:00,0.9526834942743493,0.09346383996780391,0.3044566831972734,1.076886213796095,Stable,Stable,-1.0861414716267777,0.8080489460264855,,,,,,,,,,,,,,,,,,,,,,,,,,,,,,,,,,,,,,,,,,,,,,,,,,,,,,,,,,,,,,,,,,,,,,,,,,,,,,,,,,,,,,,,,,,,,,,,,,,,,,,
1988-01-01 00:00:00,-0.15543157604322386,-0.04361645865164203,0.021092520389454215,-0.09285974074936738,mild,mild,0.08350042467808025,-0.16285227338131858,,,,,,,,,,,,,,,,,,,,,,,,,,,,,,,,,,,,,,,,,,,,,,,,,,,,,,,,,,,,,,,,,,,,,,,,,,,,,,,,,,,,,,,,,,,,,,,,,,,,,,,
1988-04-01 00:00:00,0.5806341997465622,-0.454857354509981,0.12833058701597225,0.43904802147461836,Stable,Stable,-0.7878290174504949,0.2905081343170301,,,,,,,,,,,,,,,,,,,,,,,,,,,,,,,,,,,,,,,,,,,,,,,,,,,,,,,,,,,,,,,,,,,,,,,,,,,,,,,,,,,,,,,,,,,,,,,,,,,,,,,
1988-07-01 00:00:00,-0.09163847551099304,-0.04361645865164203,0.11483705545369514,-0.057525434510464775,mild,mild,-0.011495052851078325,-0.14743607102536455,,,,,,,,,,,,,,,,,,,,,,,,,,,,,,,,,,,,,,,,,,,,,,,,,,,,,,,,,,,,,,,,,,,,,,,,,,,,,,,,,,,,,,,,,,,,,,,,,,,,,,,
1988-10-01 00:00:00,0.5976462006946046,-0.04361645865164203,0.14253430444994816,0.30575461496726875,Stable,Stable,-0.5202490806141581,0.4411500336663093,,,,,,,,,,,,,,,,,,,,,,,,,,,,,,,,,,,,,,,,,,,,,,,,,,,,,,,,,,,,,,,,,,,,,,,,,,,,,,,,,,,,,,,,,,,,,,,,,,,,,,,
1989-01-01 00:00:00,0.30580421466918695,0.09346383996780512,0.14253430444994816,0.1806851392059615,Stable,Stable,-0.25419494546475335,0.2438568657687389,,,,,,,,,,,,,,,,,,,,,,,,,,,,,,,,,,,,,,,,,,,,,,,,,,,,,,,,,,,,,,,,,,,,,,,,,,,,,,,,,,,,,,,,,,,,,,,,,,,,,,,
1989-04-01 00:00:00,0.07191842417300526,0.23054413858725106,0.07648701838196023,-0.10091256518297279,mild,mild,0.10016003089028419,0.10179825904622758,,,,,,,,,,,,,,,,,,,,,,,,,,,,,,,,,,,,,,,,,,,,,,,,,,,,,,,,,,,,,,,,,,,,,,,,,,,,,,,,,,,,,,,,,,,,,,,,,,,,,,,
1989-07-01 00:00:00,0.05126810211203414,-0.18069675727108794,-0.014416773195485537,-0.8956954225066146,mild,mild,0.3490768668516655,-0.1363409771838479,,,,,,,,,,,,,,,,,,,,,,,,,,,,,,,,,,,,,,,,,,,,,,,,,,,,,,,,,,,,,,,,,,,,,,,,,,,,,,,,,,,,,,,,,,,,,,,,,,,,,,,
1989-10-01 00:00:00,-0.4508196612513497,-0.04361645865164203,0.03174530846493614,-0.1790868634867133,mild,mild,0.2543357270942761,-0.41598633939908325,,,,,,,,,,,,,,,,,,,,,,,,,,,,,,,,,,,,,,,,,,,,,,,,,,,,,,,,,,,,,,,,,,,,,,,,,,,,,,,,,,,,,,,,,,,,,,,,,,,,,,,
1990-01-01 00:00:00,0.3764302580260526,-0.04361645865164203,0.21142233400473126,-0.5166234547160156,Stable,Stable,-0.03562814550250369,0.1293122541271667,,,,,,,,,,,,,,,,,,,,,,,,,,,,,,,,,,,,,,,,,,,,,,,,,,,,,,,,,,,,,,,,,,,,,,,,,,,,,,,,,,,,,,,,,,,,,,,,,,,,,,,
1990-04-01 00:00:00,-0.29755008383010273,0.23054413858725106,-0.020098260169075895,-0.2627076531068936,mild,mild,0.3981593542811836,-0.17431386185942963,,,,,,,,,,,,,,,,,,,,,,,,,,,,,,,,,,,,,,,,,,,,,,,,,,,,,,,,,,,,,,,,,,,,,,,,,,,,,,,,,,,,,,,,,,,,,,,,,,,,,,,
1990-07-01 00:00:00,-0.5712267984333106,0.36762443720669696,-0.06910108531629275,-0.21281254601645577,mild,mild,0.591755838933452,-0.3137156197017182,,,,,,,,,,,,,,,,,,,,,,,,,,,,,,,,,,,,,,,,,,,,,,,,,,,,,,,,,,,,,,,,,,,,,,,,,,,,,,,,,,,,,,,,,,,,,,,,,,,,,,,
1990-10-01 00:00:00,-1.4733485672613682,-0.04361645865164203,-0.147931717074859,-0.5955857443064506,Recession,Recession,1.0178481207785623,-1.2139257365925802,,,,,,,,,,,,,,,,,,,,,,,,,,,,,,,,,,,,,,,,,,,,,,,,,,,,,,,,,,,,,,,,,,,,,,,,,,,,,,,,,,,,,,,,,,,,,,,,,,,,,,,
1991-01-01 00:00:00,-1.0647897647101967,0.09346383996780512,-0.12236502569370239,-0.35533670402692485,Recession,Recession,0.7702293886764545,-0.8125146662062849,,,,,,,,,,,,,,,,,,,,,,,,,,,,,,,,,,,,,,,,,,,,,,,,,,,,,,,,,,,,,,,,,,,,,,,,,,,,,,,,,,,,,,,,,,,,,,,,,,,,,,,
1991-04-01 00:00:00,0.08723661167916419,-0.18069675727108794,-0.19906509983717224,0.14879206468735878,Stable,Stable,-0.10669558361244384,0.10448575247029859,,,,,,,,,,,,,,,,,,,,,,,,,,,,,,,,,,,,,,,,,,,,,,,,,,,,,,,,,,,,,,,,,,,,,,,,,,,,,,,,,,,,,,,,,,,,,,,,,,,,,,,
1991-07-01 00:00:00,-0.1660723805509358,-0.18069675727108916,-0.07265201467478673,0.16317959785912464,mild,mild,-0.06592884547953648,-0.15190986404911005,,,,,,,,,,,,,,,,,,,,,,,,,,,,,,,,,,,,,,,,,,,,,,,,,,,,,,,,,,,,,,,,,,,,,,,,,,,,,,,,,,,,,,,,,,,,,,,,,,,,,,,
1991-10-01 00:00:00,-0.310869896804208,0.09346383996780391,-0.025779747142666256,-0.1600751770922443,mild,mild,0.2830697990995088,-0.22289778286494888,,,,,,,,,,,,,,,,,,,,,,,,,,,,,,,,,,,,,,,,,,,,,,,,,,,,,,,,,,,,,,,,,,,,,,,,,,,,,,,,,,,,,,,,,,,,,,,,,,,,,,,
1992-01-01 00:00:00,0.4728027499739746,-0.04361645865164203,-0.0193880742973771,-0.5178637958166156,Stable,Stable,0.040942731650049156,0.3060965348268378,,,,,,,,,,,,,,,,,,,,,,,,,,,,,,,,,,,,,,,,,,,,,,,,,,,,,,,,,,,,,,,,,,,,,,,,,,,,,,,,,,,,,,,,,,,,,,,,,,,,,,,
1992-04-01 00:00:00,0.36850886253058024,-0.04361645865164203,0.06228330094798432,0.5848872085312656,Stable,Stable,-0.5192826180975436,0.3267638823489175,,,,,,,,,,,,,,,,,,,,,,,,,,,,,,,,,,,,,,,,,,,,,,,,,,,,,,,,,,,,,,,,,,,,,,,,,,,,,,,,,,,,,,,,,,,,,,,,,,,,,,,
1992-07-01 00:00:00,0.2796868543073131,-0.18069675727108794,0.01612121928756265,0.7028098121063701,Stable,Stable,-0.5875390317057181,0.23681754274196629,,,,,,,,,,,,,,,,,,,,,,,,,,,,,,,,,,,,,,,,,,,,,,,,,,,,,,,,,,,,,,,,,,,,,,,,,,,,,,,,,,,,,,,,,,,,,,,,,,,,,,,
1992-10-01 00:00:00,0.33023723751817774,-0.454857354509981,0.08784999232914095,0.5124165649104335,Stable,Stable,-0.6924844232075988,0.11581508766134135,,,,,,,,,,,,,,,,,,,,,,,,,,,,,,,,,,,,,,,,,,,,,,,,,,,,,,,,,,,,,,,,,,,,,,,,,,,,,,,,,,,,,,,,,,,,,,,,,,,,,,,
1993-01-01 00:00:00,-0.47855529457607915,-0.18069675727108916,0.16028895124241802,0.26557681805041516,mild,mild,-0.09870774548306123,-0.4906385547985046,,,,,,,,,,,,,,,,,,,,,,,,,,,,,,,,,,,,,,,,,,,,,,,,,,,,,,,,,,,,,,,,,,,,,,,,,,,,,,,,,,,,,,,,,,,,,,,,,,,,,,,
1993-04-01 00:00:00,-0.095146090138199,0.09346383996780391,0.16597043821600838,0.16558061771175797,Stable,Stable,-0.07914505691657171,-0.09068788359270334,,,,,,,,,,,,,,,,,,,,,,,,,,,,,,,,,,,,,,,,,,,,,,,,,,,,,,,,,,,,,,,,,,,,,,,,,,,,,,,,,,,,,,,,,,,,,,,,,,,,,,,
1993-07-01 00:00:00,-0.1921150395977229,-0.18069675727108794,0.1773334121631891,0.14818515949385935,Stable,Stable,-0.1755448448807129,-0.28243531301435915,,,,,,,,,,,,,,,,,,,,,,,,,,,,,,,,,,,,,,,,,,,,,,,,,,,,,,,,,,,,,,,,,,,,,,,,,,,,,,,,,,,,,,,,,,,,,,,,,,,,,,,
1993-10-01 00:00:00,0.6232173701052793,0.09346383996780391,0.15815839362732165,0.5665538014207246,Stable,Stable,-0.6018979439794567,0.5413614461992249,,,,,,,,,,,,,,,,,,,,,,,,,,,,,,,,,,,,,,,,,,,,,,,,,,,,,,,,,,,,,,,,,,,,,,,,,,,,,,,,,,,,,,,,,,,,,,,,,,,,,,,
1994-01-01 00:00:00,0.2632995876610073,0.09346383996780391,0.1524769066537313,0.19343875300762126,Stable,Stable,-0.24683672166039414,0.20699850795017227,,,,,,,,,,,,,,,,,,,,,,,,,,,,,,,,,,,,,,,,,,,,,,,,,,,,,,,,,,,,,,,,,,,,,,,,,,,,,,,,,,,,,,,,,,,,,,,,,,,,,,,
1994-04-01 00:00:00,0.6186312840135705,-0.18069675727108794,0.20005936005755054,0.4356747730616411,Stable,Stable,-0.6972666105708251,0.39639504953996296,,,,,,,,,,,,,,,,,,,,,,,,,,,,,,,,,,,,,,,,,,,,,,,,,,,,,,,,,,,,,,,,,,,,,,,,,,,,,,,,,,,,,,,,,,,,,,,,,,,,,,,
1994-07-01 00:00:00,-0.09291742886513862,-0.04361645865164203,0.21781400685002042,0.03703118206844469,Stable,Stable,-0.11246679245802339,-0.18083762661376787,,,,,,,,,,,,,,,,,,,,,,,,,,,,,,,,,,,,,,,,,,,,,,,,,,,,,,,,,,,,,,,,,,,,,,,,,,,,,,,,,,,,,,,,,,,,,,,,,,,,,,,
1994-10-01 00:00:00,0.4250809866240934,-0.18069675727108916,0.10489445324991202,0.6231357543529809,Stable,Stable,-0.6575817410868109,0.3054432008244771,,,,,,,,,,,,,,,,,,,,,,,,,,,,,,,,,,,,,,,,,,,,,,,,,,,,,,,,,,,,,,,,,,,,,,,,,,,,,,,,,,,,,,,,,,,,,,,,,,,,,,,
1995-01-01 00:00:00,-0.30511206004321756,0.09346383996780391,0.191537129597165,0.09267596749323995,Stable,Stable,0.0389526758806013,-0.27984151624423453,,,,,,,,,,,,,,,,,,,,,,,,,,,,,,,,,,,,,,,,,,,,,,,,,,,,,,,,,,,,,,,,,,,,,,,,,,,,,,,,,,,,,,,,,,,,,,,,,,,,,,,
1995-04-01 00:00:00,-0.35724348576287934,0.504704735826143,0.06725460204987589,-0.22144110281246332,Recession,Recession,0.5015117747647697,-0.14808491624204076,,,,,,,,,,,,,,,,,,,,,,,,,,,,,,,,,,,,,,,,,,,,,,,,,,,,,,,,,,,,,,,,,,,,,,,,,,,,,,,,,,,,,,,,,,,,,,,,,,,,,,,
1995-07-01 00:00:00,0.1528296787812128,0.09346383996780512,0.02038233451775542,-0.42695838425787547,Stable,Stable,0.18846008911096024,0.09641237762154845,,,,,,,,,,,,,,,,,,,,,,,,,,,,,,,,,,,,,,,,,,,,,,,,,,,,,,,,,,,,,,,,,,,,,,,,,,,,,,,,,,,,,,,,,,,,,,,,,,,,,,,
1995-10-01 00:00:00,-0.005661083972666285,-0.18069675727108794,0.06441385856308071,-0.21259838581716622,mild,mild,-0.015954542363551063,-0.1295277972311904,,,,,,,,,,,,,,,,,,,,,,,,,,,,,,,,,,,,,,,,,,,,,,,,,,,,,,,,,,,,,,,,,,,,,,,,,,,,,,,,,,,,,,,,,,,,,,,,,,,,,,,
1996-01-01 00:00:00,0.058945476635994004,-0.04361645865164203,-0.049926066780425285,-0.530104486630513,mild,mild,0.24814211824066257,-0.015219848844402403,,,,,,,,,,,,,,,,,,,,,,,,,,,,,,,,,,,,,,,,,,,,,,,,,,,,,,,,,,,,,,,,,,,,,,,,,,,,,,,,,,,,,,,,,,,,,,,,,,,,,,,
1996-04-01 00:00:00,0.9074264798917836,0.09346383996780391,0.07364627489516505,0.782686892777807,Stable,Stable,-0.7961631094339137,0.8337780564954046,,,,,,,,,,,,,,,,,,,,,,,,,,,,,,,,,,,,,,,,,,,,,,,,,,,,,,,,,,,,,,,,,,,,,,,,,,,,,,,,,,,,,,,,,,,,,,,,,,,,,,,
1996-07-01 00:00:00,0.19558941154834725,0.23054413858725106,0.132591702246165,-0.06942558537296559,mild,mild,-0.0002416715781438875,0.18110698983037465,,,,,,,,,,,,,,,,,,,,,,,,,,,,,,,,,,,,,,,,,,,,,,,,,,,,,,,,,,,,,,,,,,,,,,,,,,,,,,,,,,,,,,,,,,,,,,,,,,,,,,,
1996-10-01 00:00:00,0.3260949266624658,-0.04361645865164203,0.14395467619334573,-0.0870219304909251,Stable,Stable,-0.1983208388378366,0.1723211672514695,,,,,,,,,,,,,,,,,,,,,,,,,,,,,,,,,,,,,,,,,,,,,,,,,,,,,,,,,,,,,,,,,,,,,,,,,,,,,,,,,,,,,,,,,,,,,,,,,,,,,,,
1997-01-01 00:00:00,-0.03672225960795548,-0.18069675727108916,0.1077351967367072,0.07958327144847088,mild,mild,-0.17404047132237793,-0.13614826543768566,,,,,,,,,,,,,,,,,,,,,,,,,,,,,,,,,,,,,,,,,,,,,,,,,,,,,,,,,,,,,,,,,,,,,,,,,,,,,,,,,,,,,,,,,,,,,,,,,,,,,,,
1997-04-01 00:00:00,0.9049091171817858,-0.18069675727108916,0.16668062408770717,-0.0003692073469213443,mild,mild,-0.5848269582361955,0.5858061546765498,,,,,,,,,,,,,,,,,,,,,,,,,,,,,,,,,,,,,,,,,,,,,,,,,,,,,,,,,,,,,,,,,,,,,,,,,,,,,,,,,,,,,,,,,,,,,,,,,,,,,,,
1997-07-01 00:00:00,0.5201872157835711,-0.18069675727108794,0.16739080995940597,0.6454178351149663,Stable,Stable,-0.7437850553439214,0.3578540737209402,,,,,,,,,,,,,,,,,,,,,,,,,,,,,,,,,,,,,,,,,,,,,,,,,,,,,,,,,,,,,,,,,,,,,,,,,,,,,,,,,,,,,,,,,,,,,,,,,,,,,,,
1997-10-01 00:00:00,0.15572423820158052,-0.31777705589053507,0.20361028941604453,0.6918737647111272,Stable,Stable,-0.6946005887300347,0.0016336626059899185,,,,,,,,,,,,,,,,,,,,,,,,,,,,,,,,,,,,,,,,,,,,,,,,,,,,,,,,,,,,,,,,,,,,,,,,,,,,,,,,,,,,,,,,,,,,,,,,,,,,,,,
1998-01-01 00:00:00,0.29413111270696574,-0.18069675727108916,0.13827318921975537,0.3086359727328913,Stable,Stable,-0.4551383653057234,0.145872174279856,,,,,,,,,,,,,,,,,,,,,,,,,,,,,,,,,,,,,,,,,,,,,,,,,,,,,,,,,,,,,,,,,,,,,,,,,,,,,,,,,,,,,,,,,,,,,,,,,,,,,,,
1998-04-01 00:00:00,0.22204784205325762,-0.5919376531294281,0.15531765014052645,0.2246507621555319,Stable,Stable,-0.6029183008520227,-0.09006406841988522,,,,,,,,,,,,,,,,,,,,,,,,,,,,,,,,,,,,,,,,,,,,,,,,,,,,,,,,,,,,,,,,,,,,,,,,,,,,,,,,,,,,,,,,,,,,,,,,,,,,,,,
1998-07-01 00:00:00,0.5297637807270107,-0.04361645865164203,0.0516305128725024,-0.4098964270185291,Stable,Stable,-0.07647155382279701,0.3350097270521686,,,,,,,,,,,,,,,,,,,,,,,,,,,,,,,,,,,,,,,,,,,,,,,,,,,,,,,,,,,,,,,,,,,,,,,,,,,,,,,,,,,,,,,,,,,,,,,,,,,,,,,
1998-10-01 00:00:00,0.8531806527237297,-0.18069675727108794,0.10063333801971924,0.513542842915844,Stable,Stable,-0.7908077786776884,0.637766576387079,,,,,,,,,,,,,,,,,,,,,,,,,,,,,,,,,,,,,,,,,,,,,,,,,,,,,,,,,,,,,,,,,,,,,,,,,,,,,,,,,,,,,,,,,,,,,,,,,,,,,,,
1999-01-01 00:00:00,0.2347403928262044,-0.18069675727108916,0.029614750849839753,0.28202420309848997,Stable,Stable,-0.3588869576520956,0.14152655378152365,,,,,,,,,,,,,,,,,,,,,,,,,,,,,,,,,,,,,,,,,,,,,,,,,,,,,,,,,,,,,,,,,,,,,,,,,,,,,,,,,,,,,,,,,,,,,,,,,,,,,,,
1999-04-01 00:00:00,0.13807178701862083,0.09346383996780391,0.21284270574812886,0.11924113968024251,Stable,Stable,-0.18394259662510803,0.07085790368501615,,,,,,,,,,,,,,,,,,,,,,,,,,,,,,,,,,,,,,,,,,,,,,,,,,,,,,,,,,,,,,,,,,,,,,,,,,,,,,,,,,,,,,,,,,,,,,,,,,,,,,,
1999-07-01 00:00:00,0.5915770361849915,-0.04361645865164203,0.19508805895565898,0.4297933170692958,Stable,Stable,-0.6081670505048898,0.4293498250978298,,,,,,,,,,,,,,,,,,,,,,,,,,,,,,,,,,,,,,,,,,,,,,,,,,,,,,,,,,,,,,,,,,,,,,,,,,,,,,,,,,,,,,,,,,,,,,,,,,,,,,,
1999-10-01 00:00:00,0.8822396467540534,-0.18069675727108916,0.24409088410287583,1.0215149754877808,Stable,Stable,-1.1379615927575393,0.6637223494001439,,,,,,,,,,,,,,,,,,,,,,,,,,,,,,,,,,,,,,,,,,,,,,,,,,,,,,,,,,,,,,,,,,,,,,,,,,,,,,,,,,,,,,,,,,,,,,,,,,,,,,,
2000-01-01 00:00:00,-0.29771317117324053,-0.04361645865164203,0.11767779894049032,-0.1353589764578625,mild,mild,0.11910837076869847,-0.3242953334508345,,,,,,,,,,,,,,,,,,,,,,,,,,,,,,,,,,,,,,,,,,,,,,,,,,,,,,,,,,,,,,,,,,,,,,,,,,,,,,,,,,,,,,,,,,,,,,,,,,,,,,,
2000-04-01 00:00:00,1.0490197745430376,-0.31777705589053507,0.15389727839712888,0.46958001978268066,Stable,Stable,-0.9548123762352668,0.7134698804017909,,,,,,,,,,,,,,,,,,,,,,,,,,,,,,,,,,,,,,,,,,,,,,,,,,,,,,,,,,,,,,,,,,,,,,,,,,,,,,,,,,,,,,,,,,,,,,,,,,,,,,,
2000-07-01 00:00:00,-0.5385847594842667,-0.04361645865164203,0.07364627489516505,-0.2217742027609569,mild,mild,0.2938542414500459,-0.5100444898990584,,,,,,,,,,,,,,,,,,,,,,,,,,,,,,,,,,,,,,,,,,,,,,,,,,,,,,,,,,,,,,,,,,,,,,,,,,,,,,,,,,,,,,,,,,,,,,,,,,,,,,,
2000-10-01 00:00:00,-0.08141753429209747,-0.04361645865164203,-0.0343019776030518,-0.38540318332243256,Recession,Recession,0.22878020058519521,-0.11652486428563343,,,,,,,,,,,,,,,,,,,,,,,,,,,,,,,,,,,,,,,,,,,,,,,,,,,,,,,,,,,,,,,,,,,,,,,,,,,,,,,,,,,,,,,,,,,,,,,,,,,,,,,
2001-01-01 00:00:00,-0.9353867111090992,0.3676244372066976,-0.053476996138919264,-0.4912900815159884,Recession,Recession,0.8892576169002322,-0.6486753361278572,,,,,,,,,,,,,,,,,,,,,,,,,,,,,,,,,,,,,,,,,,,,,,,,,,,,,,,,,,,,,,,,,,,,,,,,,,,,,,,,,,,,,,,,,,,,,,,,,,,,,,,
2001-04-01 00:00:00,-0.05605791780390038,0.09346383996780512,-0.25303922608628066,-0.37086498284472885,mild,mild,0.39423483565338885,0.05325585346042239,,,,,,,,,,,,,,,,,,,,,,,,,,,,,,,,,,,,,,,,,,,,,,,,,,,,,,,,,,,,,,,,,,,,,,,,,,,,,,,,,,,,,,,,,,,,,,,,,,,,,,,
2001-07-01 00:00:00,-1.0026454880844478,0.09346383996780391,-0.1351483713842807,-0.5898242851092271,Recession,Recession,0.869107725345307,-0.7867325377793762,,,,,,,,,,,,,,,,,,,,,,,,,,,,,,,,,,,,,,,,,,,,,,,,,,,,,,,,,,,,,,,,,,,,,,,,,,,,,,,,,,,,,,,,,,,,,,,,,,,,,,,
2001-10-01 00:00:00,-0.3789864947845204,0.36762443720669696,-0.2651123859051602,-0.3305095505140301,Recession,Recession,0.6671231807176241,-0.08955905220043399,,,,,,,,,,,,,,,,,,,,,,,,,,,,,,,,,,,,,,,,,,,,,,,,,,,,,,,,,,,,,,,,,,,,,,,,,,,,,,,,,,,,,,,,,,,,,,,,,,,,,,,
2002-01-01 00:00:00,0.1395637351378841,-0.04361645865164203,-0.1323076278974855,0.5234926796872612,Stable,Stable,-0.2850254798395455,0.21862961610422607,,,,,,,,,,,,,,,,,,,,,,,,,,,,,,,,,,,,,,,,,,,,,,,,,,,,,,,,,,,,,,,,,,,,,,,,,,,,,,,,,,,,,,,,,,,,,,,,,,,,,,,
2002-04-01 00:00:00,-0.06695033403107296,0.23054413858725106,-0.12023446807860601,0.3355053776967256,mild,mild,0.04026212388039815,0.13012541384079587,,,,,,,,,,,,,,,,,,,,,,,,,,,,,,,,,,,,,,,,,,,,,,,,,,,,,,,,,,,,,,,,,,,,,,,,,,,,,,,,,,,,,,,,,,,,,,,,,,,,,,,
2002-07-01 00:00:00,-0.25734517288679276,-0.04361645865164203,-0.10816130825972649,-0.09902777487081214,mild,mild,0.19893195984442727,-0.1899428418970147,,,,,,,,,,,,,,,,,,,,,,,,,,,,,,,,,,,,,,,,,,,,,,,,,,,,,,,,,,,,,,,,,,,,,,,,,,,,,,,,,,,,,,,,,,,,,,,,,,,,,,,
2002-10-01 00:00:00,-0.5185730102772316,-0.04361645865164203,0.03671660956682771,-0.29540741773043044,mild,mild,0.341659748747057,-0.4873707293540105,,,,,,,,,,,,,,,,,,,,,,,,,,,,,,,,,,,,,,,,,,,,,,,,,,,,,,,,,,,,,,,,,,,,,,,,,,,,,,,,,,,,,,,,,,,,,,,,,,,,,,,
2003-01-01 00:00:00,-0.1464199771825412,-0.31777705589053507,0.03245549433663494,0.6340098772896767,mild,mild,-0.4414879508170219,-0.17503127754965578,,,,,,,,,,,,,,,,,,,,,,,,,,,,,,,,,,,,,,,,,,,,,,,,,,,,,,,,,,,,,,,,,,,,,,,,,,,,,,,,,,,,,,,,,,,,,,,,,,,,,,,
2003-04-01 00:00:00,0.18505182685995292,0.09346383996780391,-0.08898628972385901,-0.6050067168955892,Stable,Stable,0.3216428944074706,0.14687839441388104,,,,,,,,,,,,,,,,,,,,,,,,,,,,,,,,,,,,,,,,,,,,,,,,,,,,,,,,,,,,,,,,,,,,,,,,,,,,,,,,,,,,,,,,,,,,,,,,,,,,,,,
2003-07-01 00:00:00,0.9030458691441517,-0.18069675727108794,-0.04495476567853372,0.36989754664036867,Stable,Stable,-0.6644556603816825,0.7223855668194813,,,,,,,,,,,,,,,,,,,,,,,,,,,,,,,,,,,,,,,,,,,,,,,,,,,,,,,,,,,,,,,,,,,,,,,,,,,,,,,,,,,,,,,,,,,,,,,,,,,,,,,
2003-10-01 00:00:00,0.439071219944735,-0.18069675727108794,0.08856017820083974,0.044114622425621176,Stable,Stable,-0.3588759643007597,0.2503584005205107,,,,,,,,,,,,,,,,,,,,,,,,,,,,,,,,,,,,,,,,,,,,,,,,,,,,,,,,,,,,,,,,,,,,,,,,,,,,,,,,,,,,,,,,,,,,,,,,,,,,,,,
2004-01-01 00:00:00,-0.10947635317010532,-0.04361645865164203,0.07435646076686384,0.071467520358869,Stable,Stable,-0.04869530999028016,-0.12800301371871148,,,,,,,,,,,,,,,,,,,,,,,,,,,,,,,,,,,,,,,,,,,,,,,,,,,,,,,,,,,,,,,,,,,,,,,,,,,,,,,,,,,,,,,,,,,,,,,,,,,,,,,
2004-04-01 00:00:00,0.08286284478160517,-0.31777705589053507,0.1496361631669361,0.26029411910456696,Stable,Stable,-0.4131287810518429,-0.08842050236370746,,,,,,,,,,,,,,,,,,,,,,,,,,,,,,,,,,,,,,,,,,,,,,,,,,,,,,,,,,,,,,,,,,,,,,,,,,,,,,,,,,,,,,,,,,,,,,,,,,,,,,,
2004-07-01 00:00:00,0.243198610001535,-0.18069675727108794,-0.0023436133766060216,0.5589734867644688,Stable,Stable,-0.4880236161517348,0.19719147475606252,,,,,,,,,,,,,,,,,,,,,,,,,,,,,,,,,,,,,,,,,,,,,,,,,,,,,,,,,,,,,,,,,,,,,,,,,,,,,,,,,,,,,,,,,,,,,,,,,,,,,,,
2004-10-01 00:00:00,0.3093251963408929,0.09346383996780391,0.19721861657075537,0.688910515229436,Stable,Stable,-0.544260445091437,0.28753837643043045,,,,,,,,,,,,,,,,,,,,,,,,,,,,,,,,,,,,,,,,,,,,,,,,,,,,,,,,,,,,,,,,,,,,,,,,,,,,,,,,,,,,,,,,,,,,,,,,,,,,,,,
2005-01-01 00:00:00,0.39164863837912384,-0.18069675727108916,0.06370367269138191,0.23031496220811515,Stable,Stable,-0.4201961520113704,0.24651234371332653,,,,,,,,,,,,,,,,,,,,,,,,,,,,,,,,,,,,,,,,,,,,,,,,,,,,,,,,,,,,,,,,,,,,,,,,,,,,,,,,,,,,,,,,,,,,,,,,,,,,,,,
2005-04-01 00:00:00,-0.1778308139903435,-0.04361645865164203,0.21639363510662282,0.10643178298796115,Stable,Stable,-0.10928292808093433,-0.23973805658911373,,,,,,,,,,,,,,,,,,,,,,,,,,,,,,,,,,,,,,,,,,,,,,,,,,,,,,,,,,,,,,,,,,,,,,,,,,,,,,,,,,,,,,,,,,,,,,,,,,,,,,,
2005-07-01 00:00:00,0.09104550068127215,-0.04361645865164203,0.2064510329028397,-0.3419492965016512,Stable,Stable,0.005172402235959381,-0.0759832288072372,,,,,,,,,,,,,,,,,,,,,,,,,,,,,,,,,,,,,,,,,,,,,,,,,,,,,,,,,,,,,,,,,,,,,,,,,,,,,,,,,,,,,,,,,,,,,,,,,,,,,,,
2005-10-01 00:00:00,-0.11975802164768694,-0.04361645865164203,0.01896196277435783,0.9727360948330561,Stable,Stable,-0.47709711129485943,0.001796462469731023,,,,,,,,,,,,,,,,,,,,,,,,,,,,,,,,,,,,,,,,,,,,,,,,,,,,,,,,,,,,,,,,,,,,,,,,,,,,,,,,,,,,,,,,,,,,,,,,,,,,,,,
2006-01-01 00:00:00,0.6095832885411816,-0.31777705589053507,0.14608523380844213,0.06400587373759954,Stable,Stable,-0.5464483250934522,0.31194420566387543,,,,,,,,,,,,,,,,,,,,,,,,,,,,,,,,,,,,,,,,,,,,,,,,,,,,,,,,,,,,,,,,,,,,,,,,,,,,,,,,,,,,,,,,,,,,,,,,,,,,,,,
2006-04-01 00:00:00,-0.3937813934457421,-0.04361645865164203,0.07790739012535781,0.1819449654865178,Stable,Stable,0.020103896926042485,-0.3442358304650946,,,,,,,,,,,,,,,,,,,,,,,,,,,,,,,,,,,,,,,,,,,,,,,,,,,,,,,,,,,,,,,,,,,,,,,,,,,,,,,,,,,,,,,,,,,,,,,,,,,,,,,
2006-07-01 00:00:00,-0.4942413509870637,0.09346383996780512,0.0935314793027313,-0.12655031384177745,mild,mild,0.28640564569207955,-0.4175495235629385,,,,,,,,,,,,,,,,,,,,,,,,,,,,,,,,,,,,,,,,,,,,,,,,,,,,,,,,,,,,,,,,,,,,,,,,,,,,,,,,,,,,,,,,,,,,,,,,,,,,,,,
2006-10-01 00:00:00,0.16088545192114095,-0.18069675727108794,-0.03217141998795541,-0.158277778644938,Stable,Stable,-0.0684739103245948,0.052932710908507964,,,,,,,,,,,,,,,,,,,,,,,,,,,,,,,,,,,,,,,,,,,,,,,,,,,,,,,,,,,,,,,,,,,,,,,,,,,,,,,,,,,,,,,,,,,,,,,,,,,,,,,
2007-01-01 00:00:00,-0.35492321748489003,0.23054413858724984,0.11412686958199635,-0.37595739374803355,Recession,Recession,0.4125941858964852,-0.29263227814863346,,,,,,,,,,,,,,,,,,,,,,,,,,,,,,,,,,,,,,,,,,,,,,,,,,,,,,,,,,,,,,,,,,,,,,,,,,,,,,,,,,,,,,,,,,,,,,,,,,,,,,,
2007-04-01 00:00:00,-0.0678225752729829,0.09346383996780391,0.0004971301101891585,0.5020834758446056,Stable,Stable,-0.1783527751354497,0.04520826134556103,,,,,,,,,,,,,,,,,,,,,,,,,,,,,,,,,,,,,,,,,,,,,,,,,,,,,,,,,,,,,,,,,,,,,,,,,,,,,,,,,,,,,,,,,,,,,,,,,,,,,,,
2007-07-01 00:00:00,-0.10082034792014567,0.09346383996780512,-0.061999226599304805,-0.20463922042370553,mild,mild,0.2305900613173681,-0.043974299021889804,,,,,,,,,,,,,,,,,,,,,,,,,,,,,,,,,,,,,,,,,,,,,,,,,,,,,,,,,,,,,,,,,,,,,,,,,,,,,,,,,,,,,,,,,,,,,,,,,,,,,,,
2007-10-01 00:00:00,-0.052610229852364375,-0.04361645865164203,0.009729546442273494,-0.32048746125161,mild,mild,0.1599321492696594,-0.1040908301087321,,,,,,,,,,,,,,,,,,,,,,,,,,,,,,,,,,,,,,,,,,,,,,,,,,,,,,,,,,,,,,,,,,,,,,,,,,,,,,,,,,,,,,,,,,,,,,,,,,,,,,,
2008-01-01 00:00:00,-1.0267686984469586,-0.04361645865164203,-0.047085323293630105,-0.17686683785677124,mild,mild,0.5515667026380593,-0.8450605385753639,,,,,,,,,,,,,,,,,,,,,,,,,,,,,,,,,,,,,,,,,,,,,,,,,,,,,,,,,,,,,,,,,,,,,,,,,,,,,,,,,,,,,,,,,,,,,,,,,,,,,,,
2008-04-01 00:00:00,-0.08290465354954284,-0.18069675727108794,-0.19977528570887104,-0.6559135663716421,Recession,Recession,0.38192175529042044,-0.1340486536171689,,,,,,,,,,,,,,,,,,,,,,,,,,,,,,,,,,,,,,,,,,,,,,,,,,,,,,,,,,,,,,,,,,,,,,,,,,,,,,,,,,,,,,,,,,,,,,,,,,,,,,,
2008-07-01 00:00:00,-1.1177150539634872,0.23054413858725106,-0.18628175414659395,-0.45831582101396867,Recession,Recession,0.9510377675107714,-0.787286218508595,,,,,,,,,,,,,,,,,,,,,,,,,,,,,,,,,,,,,,,,,,,,,,,,,,,,,,,,,,,,,,,,,,,,,,,,,,,,,,,,,,,,,,,,,,,,,,,,,,,,,,,
2008-10-01 00:00:00,-2.6539924003352278,0.5047047358261442,-0.37732175363356973,0.7877083270710737,Recession,Recession,1.2416761180365739,-1.6762834916056484,,,,,,,,,,,,,,,,,,,,,,,,,,,,,,,,,,,,,,,,,,,,,,,,,,,,,,,,,,,,,,,,,,,,,,,,,,,,,,,,,,,,,,,,,,,,,,,,,,,,,,,
2009-01-01 00:00:00,-1.680617648276133,0.6417850344455901,-0.5903775151432082,-2.195203957141067,Recession,Recession,2.5151309066544862,-1.1261813143792998,,,,,,,,,,,,,,,,,,,,,,,,,,,,,,,,,,,,,,,,,,,,,,,,,,,,,,,,,,,,,,,,,,,,,,,,,,,,,,,,,,,,,,,,,,,,,,,,,,,,,,,
2009-04-01 00:00:00,-0.7976677509235072,0.3676244372066982,-0.5207792997167263,-0.7407097839608942,Recession,Recession,1.1964185380821388,-0.36821667942304864,,,,,,,,,,,,,,,,,,,,,,,,,,,,,,,,,,,,,,,,,,,,,,,,,,,,,,,,,,,,,,,,,,,,,,,,,,,,,,,,,,,,,,,,,,,,,,,,,,,,,,,
2009-07-01 00:00:00,-0.30842522266006966,-0.04361645865164203,-0.2892587055429192,0.9481385776926184,Stable,Stable,-0.2210946685515855,-0.02033051666753346,,,,,,,,,,,,,,,,,,,,,,,,,,,,,,,,,,,,,,,,,,,,,,,,,,,,,,,,,,,,,,,,,,,,,,,,,,,,,,,,,,,,,,,,,,,,,,,,,,,,,,,
2009-10-01 00:00:00,0.365378977886644,0.23054413858724984,-0.17562896607111203,0.12342296424745705,Stable,Stable,-0.015991733295441554,0.47488819408568594,,,,,,,,,,,,,,,,,,,,,,,,,,,,,,,,,,,,,,,,,,,,,,,,,,,,,,,,,,,,,,,,,,,,,,,,,,,,,,,,,,,,,,,,,,,,,,,,,,,,,,,
2010-01-01 00:00:00,-0.18533183063084038,-0.18069675727108794,-0.048505695037027695,0.8475656314836405,Stable,Stable,-0.4202681739256043,-0.09107661729742945,,,,,,,,,,,,,,,,,,,,,,,,,,,,,,,,,,,,,,,,,,,,,,,,,,,,,,,,,,,,,,,,,,,,,,,,,,,,,,,,,,,,,,,,,,,,,,,,,,,,,,,
2010-04-01 00:00:00,0.2607355036152109,-0.04361645865164203,0.1368528174763578,0.23710349440019896,Stable,Stable,-0.3314105079402459,0.16387687372863693,,,,,,,,,,,,,,,,,,,,,,,,,,,,,,,,,,,,,,,,,,,,,,,,,,,,,,,,,,,,,,,,,,,,,,,,,,,,,,,,,,,,,,,,,,,,,,,,,,,,,,,
2010-07-01 00:00:00,0.07929180713709928,-0.04361645865164203,-0.11100205174652167,0.25579574584865766,Stable,Stable,-0.13194860897961094,0.12704517584216232,,,,,,,,,,,,,,,,,,,,,,,,,,,,,,,,,,,,,,,,,,,,,,,,,,,,,,,,,,,,,,,,,,,,,,,,,,,,,,,,,,,,,,,,,,,,,,,,,,,,,,,
2010-10-01 00:00:00,-0.14783432919216577,-0.18069675727108794,0.15389727839712888,-0.3006190419493064,mild,mild,0.04658157017313681,-0.2935932797282904,,,,,,,,,,,,,,,,,,,,,,,,,,,,,,,,,,,,,,,,,,,,,,,,,,,,,,,,,,,,,,,,,,,,,,,,,,,,,,,,,,,,,,,,,,,,,,,,,,,,,,,
2011-01-01 00:00:00,-0.851734827615567,-0.3177770558905363,-0.03927327870494336,-0.2556643498783191,mild,mild,0.36673878589369613,-0.8242524932358013,,,,,,,,,,,,,,,,,,,,,,,,,,,,,,,,,,,,,,,,,,,,,,,,,,,,,,,,,,,,,,,,,,,,,,,,,,,,,,,,,,,,,,,,,,,,,,,,,,,,,,,
2011-04-01 00:00:00,-0.007969290520101575,0.09346383996780391,0.1794639697782855,-0.35357829074210345,mild,mild,0.14077008550607095,-0.09216112498777428,,,,,,,,,,,,,,,,,,,,,,,,,,,,,,,,,,,,,,,,,,,,,,,,,,,,,,,,,,,,,,,,,,,,,,,,,,,,,,,,,,,,,,,,,,,,,,,,,,,,,,,
2011-07-01 00:00:00,-0.6533094155067299,-0.18069675727108794,-0.0002130557615096365,0.33447955510970223,Stable,Stable,0.026987622553032328,-0.5533515719249756,,,,,,,,,,,,,,,,,,,,,,,,,,,,,,,,,,,,,,,,,,,,,,,,,,,,,,,,,,,,,,,,,,,,,,,,,,,,,,,,,,,,,,,,,,,,,,,,,,,,,,,
2011-10-01 00:00:00,0.4042856333994923,-0.31777705589053384,0.10418426737821322,0.5263371039476211,Stable,Stable,-0.6697539915216995,0.22343218965206973,,,,,,,,,,,,,,,,,,,,,,,,,,,,,,,,,,,,,,,,,,,,,,,,,,,,,,,,,,,,,,,,,,,,,,,,,,,,,,,,,,,,,,,,,,,,,,,,,,,,,,,
2012-01-01 00:00:00,0.1416248525267808,-0.31777705589053384,0.2092917763896349,0.44274076639389487,Stable,Stable,-0.5636314762910158,-0.043726048124376936,,,,,,,,,,,,,,,,,,,,,,,,,,,,,,,,,,,,,,,,,,,,,,,,,,,,,,,,,,,,,,,,,,,,,,,,,,,,,,,,,,,,,,,,,,,,,,,,,,,,,,,
2012-04-01 00:00:00,-0.22057343644535382,-0.04361645865164203,0.01043973231397229,0.5392901316302643,Stable,Stable,-0.20560668031691465,-0.13055866034086389,,,,,,,,,,,,,,,,,,,,,,,,,,,,,,,,,,,,,,,,,,,,,,,,,,,,,,,,,,,,,,,,,,,,,,,,,,,,,,,,,,,,,,,,,,,,,,,,,,,,,,,
2012-07-01 00:00:00,-0.4997150342106234,-0.04361645865164203,0.05873237158949035,0.09963274527599031,Stable,Stable,0.11954964777051824,-0.4316234501444269,,,,,,,,,,,,,,,,,,,,,,,,,,,,,,,,,,,,,,,,,,,,,,,,,,,,,,,,,,,,,,,,,,,,,,,,,,,,,,,,,,,,,,,,,,,,,,,,,,,,,,,
2012-10-01 00:00:00,-0.5259272057313442,-0.04361645865164203,0.06299348681968311,0.2008776975498274,Stable,Stable,0.0772285504543529,-0.44171472527871153,,,,,,,,,,,,,,,,,,,,,,,,,,,,,,,,,,,,,,,,,,,,,,,,,,,,,,,,,,,,,,,,,,,,,,,,,,,,,,,,,,,,,,,,,,,,,,,,,,,,,,,
2013-01-01 00:00:00,0.2782560683474961,0.09346383996780391,0.08571943471404456,-0.08365154870456008,Stable,Stable,-0.07718485616177788,0.21267090690989743,,,,,,,,,,,,,,,,,,,,,,,,,,,,,,,,,,,,,,,,,,,,,,,,,,,,,,,,,,,,,,,,,,,,,,,,,,,,,,,,,,,,,,,,,,,,,,,,,,,,,,,
2013-04-01 00:00:00,-0.38557855212349984,0.09346383996780391,0.08642962058574336,-0.15912414048575899,mild,mild,0.25813070604493565,-0.33120685345199063,,,,,,,,,,,,,,,,,,,,,,,,,,,,,,,,,,,,,,,,,,,,,,,,,,,,,,,,,,,,,,,,,,,,,,,,,,,,,,,,,,,,,,,,,,,,,,,,,,,,,,,
2013-07-01 00:00:00,0.15344655302404034,-0.31777705589053507,0.03529623782343012,-0.3490146474218781,mild,mild,-0.07368049967497536,-0.05960414141239471,,,,,,,,,,,,,,,,,,,,,,,,,,,,,,,,,,,,,,,,,,,,,,,,,,,,,,,,,,,,,,,,,,,,,,,,,,,,,,,,,,,,,,,,,,,,,,,,,,,,,,,
2013-10-01 00:00:00,0.17223549740202923,-0.04361645865164203,0.11199631196689996,-0.17089504395359775,Stable,Stable,-0.07003762070539593,0.05168900442936342,,,,,,,,,,,,,,,,,,,,,,,,,,,,,,,,,,,,,,,,,,,,,,,,,,,,,,,,,,,,,,,,,,,,,,,,,,,,,,,,,,,,,,,,,,,,,,,,,,,,,,,
2014-01-01 00:00:00,-0.9513584412244003,-0.18069675727108916,0.08927036407253854,-0.3974442502522484,Recession,Recession,0.4890382956676609,-0.9244046110164327,,,,,,,,,,,,,,,,,,,,,,,,,,,,,,,,,,,,,,,,,,,,,,,,,,,,,,,,,,,,,,,,,,,,,,,,,,,,,,,,,,,,,,,,,,,,,,,,,,,,,,,
2014-04-01 00:00:00,0.5601444361463942,-0.7290179517488742,0.1773334121631891,-0.0004758483076915273,mild,mild,-0.721675495620979,0.0905773608673755,,,,,,,,,,,,,,,,,,,,,,,,,,,,,,,,,,,,,,,,,,,,,,,,,,,,,,,,,,,,,,,,,,,,,,,,,,,,,,,,,,,,,,,,,,,,,,,,,,,,,,,
2014-07-01 00:00:00,0.4895519793655423,0.09346383996780512,0.11483705545369514,0.11063200598513617,Stable,Stable,-0.2862480483045438,0.39472164012985334,,,,,,,,,,,,,,,,,,,,,,,,,,,,,,,,,,,,,,,,,,,,,,,,,,,,,,,,,,,,,,,,,,,,,,,,,,,,,,,,,,,,,,,,,,,,,,,,,,,,,,,
2014-10-01 00:00:00,-0.16572662417330414,-0.31777705589053507,0.1219389141706831,-0.05469736538569627,mild,mild,-0.12629204347757442,-0.3163793746938754,,,,,,,,,,,,,,,,,,,,,,,,,,,,,,,,,,,,,,,,,,,,,,,,,,,,,,,,,,,,,,,,,,,,,,,,,,,,,,,,,,,,,,,,,,,,,,,,,,,,,,,
2015-01-01 00:00:00,0.19877618675699563,0.09346383996780512,0.10063333801971924,-0.7486502314457292,Stable,Stable,0.29125771636664444,0.05804132216677895,,,,,,,,,,,,,,,,,,,,,,,,,,,,,,,,,,,,,,,,,,,,,,,,,,,,,,,,,,,,,,,,,,,,,,,,,,,,,,,,,,,,,,,,,,,,,,,,,,,,,,,
2015-04-01 00:00:00,-0.060765123914914225,-0.04361645865164203,0.1496361631669361,-0.5416024472978995,mild,mild,0.20465604215089753,-0.19893271995435746,,,,,,,,,,,,,,,,,,,,,,,,,,,,,,,,,,,,,,,,,,,,,,,,,,,,,,,,,,,,,,,,,,,,,,,,,,,,,,,,,,,,,,,,,,,,,,,,,,,,,,,
2015-07-01 00:00:00,-0.26313136257910913,-0.18069675727108794,0.15602783601222525,0.4649743255478556,Stable,Stable,-0.2950195841366127,-0.2902418984955206,,,,,,,,,,,,,,,,,,,,,,,,,,,,,,,,,,,,,,,,,,,,,,,,,,,,,,,,,,,,,,,,,,,,,,,,,,,,,,,,,,,,,,,,,,,,,,,,,,,,,,,
2015-10-01 00:00:00,-0.46236359279231243,-0.04361645865164203,0.17165192518959874,-0.4751529319292873,Recession,Recession,0.338961497434541,-0.5230524039594545,,,,,,,,,,,,,,,,,,,,,,,,,,,,,,,,,,,,,,,,,,,,,,,,,,,,,,,,,,,,,,,,,,,,,,,,,,,,,,,,,,,,,,,,,,,,,,,,,,,,,,,
2016-01-01 00:00:00,-0.0975944460688299,-0.31777705589053507,0.05021014112910481,0.35367301762243203,mild,mild,-0.32892110655660717,-0.17892682157312004,,,,,,,,,,,,,,,,,,,,,,,,,,,,,,,,,,,,,,,,,,,,,,,,,,,,,,,,,,,,,,,,,,,,,,,,,,,,,,,,,,,,,,,,,,,,,,,,,,,,,,,
2016-04-01 00:00:00,-0.3361894746974983,0.09346383996780391,0.0928212934310325,0.20227150100302144,Stable,Stable,0.047649582952188435,-0.24843322254965133,,,,,,,,,,,,,,,,,,,,,,,,,,,,,,,,,,,,,,,,,,,,,,,,,,,,,,,,,,,,,,,,,,,,,,,,,,,,,,,,,,,,,,,,,,,,,,,,,,,,,,,
2016-07-01 00:00:00,0.022324664044319303,-0.18069675727108916,0.2213649362085144,0.027520683374160998,Stable,Stable,-0.23241004443342522,-0.14419024048233808,,,,,,,,,,,,,,,,,,,,,,,,,,,,,,,,,,,,,,,,,,,,,,,,,,,,,,,,,,,,,,,,,,,,,,,,,,,,,,,,,,,,,,,,,,,,,,,,,,,,,,,
2016-10-01 00:00:00,-0.12088215960438639,-0.18069675727108794,0.02606382149134578,-0.011513556313287085,mild,mild,-0.04760133862884913,-0.18021469298691833,,,,,,,,,,,,,,,,,,,,,,,,,,,,,,,,,,,,,,,,,,,,,,,,,,,,,,,,,,,,,,,,,,,,,,,,,,,,,,,,,,,,,,,,,,,,,,,,,,,,,,,
2017-01-01 00:00:00,-0.18312565524981864,-0.04361645865164203,0.11199631196689996,-0.26454075472427224,mild,mild,0.13692661482203458,-0.24604077515064074,,,,,,,,,,,,,,,,,,,,,,,,,,,,,,,,,,,,,,,,,,,,,,,,,,,,,,,,,,,,,,,,,,,,,,,,,,,,,,,,,,,,,,,,,,,,,,,,,,,,,,,
2017-04-01 00:00:00,-0.11573579214173903,-0.04361645865164203,0.10134352389141804,0.7844949907440849,Stable,Stable,-0.424985176876431,-0.05430627602637809,,,,,,,,,,,,,,,,,,,,,,,,,,,,,,,,,,,,,,,,,,,,,,,,,,,,,,,,,,,,,,,,,,,,,,,,,,,,,,,,,,,,,,,,,,,,,,,,,,,,,,,
2017-07-01 00:00:00,0.09539467165193999,-0.04361645865164203,0.08998054994423733,-0.28390207935580813,Stable,Stable,0.03357607114834096,-0.014961622542421284,,,,,,,,,,,,,,,,,,,,,,,,,,,,,,,,,,,,,,,,,,,,,,,,,,,,,,,,,,,,,,,,,,,,,,,,,,,,,,,,,,,,,,,,,,,,,,,,,,,,,,,
2017-10-01 00:00:00,0.4079768777544432,-0.18069675727108794,0.05731199984609276,0.9913365046224143,Stable,Stable,-0.813954980136685,0.35883833384992236,,,,,,,,,,,,,,,,,,,,,,,,,,,,,,,,,,,,,,,,,,,,,,,,,,,,,,,,,,,,,,,,,,,,,,,,,,,,,,,,,,,,,,,,,,,,,,,,,,,,,,,
2018-01-01 00:00:00,0.11837340456003385,-0.18069675727108794,0.05305088461589999,-0.0723827910291694,Stable,Stable,-0.13740191590723577,-0.007088126707499812,,,,,,,,,,,,,,,,,,,,,,,,,,,,,,,,,,,,,,,,,,,,,,,,,,,,,,,,,,,,,,,,,,,,,,,,,,,,,,,,,,,,,,,,,,,,,,,,,,,,,,,
2018-04-01 00:00:00,-0.14255736864697585,-0.04361645865164203,0.05660181397439396,0.8988387256474408,Stable,Stable,-0.44846529316552064,-0.04212095821622307,,,,,,,,,,,,,,,,,,,,,,,,,,,,,,,,,,,,,,,,,,,,,,,,,,,,,,,,,,,,,,,,,,,,,,,,,,,,,,,,,,,,,,,,,,,,,,,,,,,,,,,
2018-07-01 00:00:00,-0.05680169853224619,-0.31777705589053507,-0.0009232416332084315,0.03713373725724562,mild,mild,-0.15868537596233276,-0.1641997652466986,,,,,,,,,,,,,,,,,,,,,,,,,,,,,,,,,,,,,,,,,,,,,,,,,,,,,,,,,,,,,,,,,,,,,,,,,,,,,,,,,,,,,,,,,,,,,,,,,,,,,,,
2018-10-01 00:00:00,-0.5019161483439709,0.09346383996780391,0.07506664663856263,-0.21354399256769688,mild,mild,0.34391722436134736,-0.42679401692182745,,,,,,,,,,,,,,,,,,,,,,,,,,,,,,,,,,,,,,,,,,,,,,,,,,,,,,,,,,,,,,,,,,,,,,,,,,,,,,,,,,,,,,,,,,,,,,,,,,,,,,,
2019-01-01 00:00:00,-0.05622860109052297,0.09346383996780452,0.1333018881178638,-0.6330372216859292,mild,mild,0.32929704806995264,-0.14651252300492712,,,,,,,,,,,,,,,,,,,,,,,,,,,,,,,,,,,,,,,,,,,,,,,,,,,,,,,,,,,,,,,,,,,,,,,,,,,,,,,,,,,,,,,,,,,,,,,,,,,,,,,
2019-04-01 00:00:00,0.13844385501528367,-0.18069675727108794,0.16739080995940597,-0.5367158521659019,Stable,Stable,0.03244232769796922,-0.09903345389812628,,,,,,,,,,,,,,,,,,,,,,,,,,,,,,,,,,,,,,,,,,,,,,,,,,,,,,,,,,,,,,,,,,,,,,,,,,,,,,,,,,,,,,,,,,,,,,,,,,,,,,,
2019-07-01 00:00:00,0.44764053571359497,0.09346383996780452,0.02464344974794819,-0.5176543994960491,Stable,Stable,0.10079961969885223,0.32023824580877014,,,,,,,,,,,,,,,,,,,,,,,,,,,,,,,,,,,,,,,,,,,,,,,,,,,,,,,,,,,,,,,,,,,,,,,,,,,,,,,,,,,,,,,,,,,,,,,,,,,,,,,
2019-10-01 00:00:00,-0.0030795033460854324,0.09346383996780452,0.0232230780045506,-0.7975319847606562,mild,mild,0.44654119900256084,-0.07718883054926404,,,,,,,,,,,,,,,,,,,,,,,,,,,,,,,,,,,,,,,,,,,,,,,,,,,,,,,,,,,,,,,,,,,,,,,,,,,,,,,,,,,,,,,,,,,,,,,,,,,,,,,
2020-01-01 00:00:00,-1.91844761770057,-0.04361645865164203,0.12335928591408069,-0.5773113693439422,Recession,Recession,1.067708537151414,-1.6865133495968259,,,,,,,,,,,,,,,,,,,,,,,,,,,,,,,,,,,,,,,,,,,,,,,,,,,,,,,,,,,,,,,,,,,,,,,,,,,,,,,,,,,,,,,,,,,,,,,,,,,,,,,
2020-04-01 00:00:00,-7.935623782723785,14.212734597770787,-14.582459559352868,-11.374459769296424,Recession,Recession,24.30275356392126,3.984567983980721,,,,,,,,,,,,,,,,,,,,,,,,,,,,,,,,,,,,,,,,,,,,,,,,,,,,,,,,,,,,,,,,,,,,,,,,,,,,,,,,,,,,,,,,,,,,,,,,,,,,,,,
2020-07-01 00:00:00,6.597504386607004,-1.1402588476072144,1.0806898409640564,3.029229575026763,Boom,Boom,-5.654919325510054,4.782067187530541,,,,,,,,,,,,,,,,,,,,,,,,,,,,,,,,,,,,,,,,,,,,,,,,,,,,,,,,,,,,,,,,,,,,,,,,,,,,,,,,,,,,,,,,,,,,,,,,,,,,,,,
2020-10-01 00:00:00,0.3688987435462107,-1.277339146226659,0.44649385753703247,0.4937868217119243,Stable,Stable,-1.3137456123670979,-0.3298555662867999,,,,,,,,,,,,,,,,,,,,,,,,,,,,,,,,,,,,,,,,,,,,,,,,,,,,,,,,,,,,,,,,,,,,,,,,,,,,,,,,,,,,,,,,,,,,,,,,,,,,,,,
2021-01-01 00:00:00,0.641718824132158,-0.454857354509981,0.21497326336322525,0.4591088273315652,Stable,Stable,-0.8701271334703674,0.3048690478523415,,,,,,,,,,,,,,,,,,,,,,,,,,,,,,,,,,,,,,,,,,,,,,,,,,,,,,,,,,,,,,,,,,,,,,,,,,,,,,,,,,,,,,,,,,,,,,,,,,,,,,,
2021-04-01 00:00:00,0.8170290704814979,-0.04361645865164203,0.21497326336322525,0.049880464785020194,Stable,Stable,-0.5247329214014621,0.5540016292641088,,,,,,,,,,,,,,,,,,,,,,,,,,,,,,,,,,,,,,,,,,,,,,,,,,,,,,,,,,,,,,,,,,,,,,,,,,,,,,,,,,,,,,,,,,,,,,,,,,,,,,,
2021-07-01 00:00:00,0.1547908230884723,-0.7290179517488742,0.6169384667447433,0.2877225804288018,Stable,Stable,-0.9146579953995145,-0.38833027623600697,,,,,,,,,,,,,,,,,,,,,,,,,,,,,,,,,,,,,,,,,,,,,,,,,,,,,,,,,,,,,,,,,,,,,,,,,,,,,,,,,,,,,,,,,,,,,,,,,,,,,,,
2021-10-01 00:00:00,1.032280053331798,-0.31777705589053507,0.5643847122390324,1.10081834336861,Stable,Stable,-1.4823431894455155,0.6031869566867467,,,,,,,,,,,,,,,,,,,,,,,,,,,,,,,,,,,,,,,,,,,,,,,,,,,,,,,,,,,,,,,,,,,,,,,,,,,,,,,,,,,,,,,,,,,,,,,,,,,,,,,
2022-01-01 00:00:00,-0.870432714685632,0.09346383996780452,0.11554724132539394,-0.054082232115596374,mild,mild,0.40626047398812676,-0.7204683110737871,,,,,,,,,,,,,,,,,,,,,,,,,,,,,,,,,,,,,,,,,,,,,,,,,,,,,,,,,,,,,,,,,,,,,,,,,,,,,,,,,,,,,,,,,,,,,,,,,,,,,,,
2022-04-01 00:00:00,-0.5679047237574849,-0.04361645865164203,0.17236211106129753,0.1197745260068926,Stable,Stable,0.08113266536656537,-0.5328683847802216,,,,,,,,,,,,,,,,,,,,,,,,,,,,,,,,,,,,,,,,,,,,,,,,,,,,,,,,,,,,,,,,,,,,,,,,,,,,,,,,,,,,,,,,,,,,,,,,,,,,,,,
2022-07-01 00:00:00,-0.011084833266602208,-0.18069675727108855,0.45004478689552646,0.11858479197275817,mild,mild,-0.38205676881459794,-0.25802494062934306,,,,,,,,,,,,,,,,,,,,,,,,,,,,,,,,,,,,,,,,,,,,,,,,,,,,,,,,,,,,,,,,,,,,,,,,,,,,,,,,,,,,,,,,,,,,,,,,,,,,,,,
2022-10-01 00:00:00,0.1316866958737038,0.09346383996780452,0.23982976887268306,-0.14367121696922586,Stable,Stable,-0.06035811867449689,0.020780731083074926,,,,,,,,,,,,,,,,,,,,,,,,,,,,,,,,,,,,,,,,,,,,,,,,,,,,,,,,,,,,,,,,,,,,,,,,,,,,,,,,,,,,,,,,,,,,,,,,,,,,,,,
2023-01-01 00:00:00,0.006307426120746631,-0.04361645865164203,0.27107794722743006,0.7013103464416944,Stable,Stable,-0.5245432670242659,-0.03978193321037202,,,,,,,,,,,,,,,,,,,,,,,,,,,,,,,,,,,,,,,,,,,,,,,,,,,,,,,,,,,,,,,,,,,,,,,,,,,,,,,,,,,,,,,,,,,,,,,,,,,,,,,
2023-04-01 00:00:00,-0.07224374712269725,-0.18069675727108855,0.10915556848010478,0.26945959000528796,mild,mild,-0.2561225417880596,-0.1412731108651825,,,,,,,,,,,,,,,,,,,,,,,,,,,,,,,,,,,,,,,,,,,,,,,,,,,,,,,,,,,,,,,,,,,,,,,,,,,,,,,,,,,,,,,,,,,,,,,,,,,,,,,
2023-07-01 00:00:00,0.3567077171537421,-0.18069675727108855,0.06086292920458673,0.5056100311766408,Stable,Stable,-0.5440864031779274,0.2545143226699637,,,,,,,,,,,,,,,,,,,,,,,,,,,,,,,,,,,,,,,,,,,,,,,,,,,,,,,,,,,,,,,,,,,,,,,,,,,,,,,,,,,,,,,,,,,,,,,,,,,,,,,
2023-10-01 00:00:00,0.09553185905097199,0.09346383996780452,0.08784999232914095,-0.6739839606347674,mild,mild,0.30580817202800964,-0.010043418071574295,,,,,,,,,,,,,,,,,,,,,,,,,,,,,,,,,,,,,,,,,,,,,,,,,,,,,,,,,,,,,,,,,,,,,,,,,,,,,,,,,,,,,,,,,,,,,,,,,,,,,,,
2024-01-01 00:00:00,-0.2589234841350447,-0.18069675727108794,0.04026753892532168,-1.0255535610584925,Recession,Recession,0.5261687048222019,-0.42587804294411696,,,,,,,,,,,,,,,,,,,,,,,,,,,,,,,,,,,,,,,,,,,,,,,,,,,,,,,,,,,,,,,,,,,,,,,,,,,,,,,,,,,,,,,,,,,,,,,,,,,,,,,
2024-04-01 00:00:00,0.04964665918955299,-0.04361645865164203,0.03955735305362289,-0.20550965272938077,Stable,Stable,0.0399072381287975,-0.020109914540892906,,,,,,,,,,,,,,,,,,,,,,,,,,,,,,,,,,,,,,,,,,,,,,,,,,,,,,,,,,,,,,,,,,,,,,,,,,,,,,,,,,,,,,,,,,,,,,,,,,,,,,,
2024-07-01 00:00:00,0.06860427836385678,0.09346383996780512,0.018251776902659035,-0.6777758146141128,mild,mild,0.35569900838281926,-0.002207319068152152,,,,,,,,,,,,,,,,,,,,,,,,,,,,,,,,,,,,,,,,,,,,,,,,,,,,,,,,,,,,,,,,,,,,,,,,,,,,,,,,,,,,,,,,,,,,,,,,,,,,,,,
2024-10-01 00:00:00,-0.07215959429999413,-0.04361645865164203,-0.012996401452087946,-0.34410995127832106,mild,mild,0.1924999766626265,-0.11302167624985014,,,,,,,,,,,,,,,,,,,,,,,,,,,,,,,,,,,,,,,,,,,,,,,,,,,,,,,,,,,,,,,,,,,,,,,,,,,,,,,,,,,,,,,,,,,,,,,,,,,,,,,
